{"cameraMode":{"drawMode":0,"name":"Shaded","section":"Shading Mode"},"sceneLighting":false,"audioPlay":false,"sceneViewState":{"showFog":true,"showMaterialUpdate":false,"showSkybox":true,"showFlares":true,"showImageEffects":true,"showParticleSystems":true,"showVisualEffectGraphs":true,"m_FxEnabled":true},"in2DMode":false,"pivot":{"x":2.8786325454711916,"y":0.927072286605835,"z":0.5079379081726074},"rotation":{"x":0.032109759747982028,"y":0.9606266021728516,"z":-0.2457999438047409,"w":0.12549012899398805},"size":2.702970504760742,"orthographic":false}