{"cameraMode":{"drawMode":0,"name":"Shaded","section":"Shading Mode"},"sceneLighting":false,"audioPlay":false,"sceneViewState":{"showFog":true,"showMaterialUpdate":false,"showSkybox":true,"showFlares":true,"showImageEffects":true,"showParticleSystems":true,"showVisualEffectGraphs":true,"m_FxEnabled":true},"in2DMode":false,"pivot":{"x":-23.647642135620118,"y":-1.004699468612671,"z":-18.975570678710939},"rotation":{"x":0.035024456679821017,"y":-0.6571149230003357,"z":0.030564136803150178,"w":0.7524001002311707},"size":12.055134773254395,"orthographic":false}