{"cameraMode":{"drawMode":0,"name":"Shaded","section":"Shading Mode"},"sceneLighting":false,"audioPlay":false,"sceneViewState":{"showFog":true,"showMaterialUpdate":false,"showSkybox":true,"showFlares":true,"showImageEffects":true,"showParticleSystems":true,"showVisualEffectGraphs":true,"m_FxEnabled":true},"in2DMode":false,"pivot":{"x":-8.544828414916993,"y":-2.2977352142333986,"z":-3.9737472534179689},"rotation":{"x":0.08191858977079392,"y":-0.37399691343307497,"z":0.033185020089149478,"w":0.9232136011123657},"size":19.646581649780275,"orthographic":false}