{"cameraMode":{"drawMode":0,"name":"Shaded","section":"Shading Mode"},"sceneLighting":false,"audioPlay":false,"sceneViewState":{"showFog":true,"showMaterialUpdate":false,"showSkybox":true,"showFlares":true,"showImageEffects":true,"showParticleSystems":true,"showVisualEffectGraphs":true,"m_FxEnabled":true},"in2DMode":false,"pivot":{"x":1.4446533918380738,"y":1.2676533460617066,"z":0.7179538011550903},"rotation":{"x":0.06445503234863281,"y":-0.0035943526308983566,"z":0.00023230159422382712,"w":0.9979156255722046},"size":2.6970291137695314,"orthographic":false}