{"cameraMode":{"drawMode":0,"name":"Shaded","section":"Shading Mode"},"sceneLighting":false,"audioPlay":false,"sceneViewState":{"showFog":true,"showMaterialUpdate":false,"showSkybox":false,"showFlares":true,"showImageEffects":true,"showParticleSystems":true,"showVisualEffectGraphs":true,"m_FxEnabled":true},"in2DMode":false,"pivot":{"x":0.6365011930465698,"y":0.01166987419128418,"z":1.265392780303955},"rotation":{"x":0.3135501742362976,"y":-0.13835600018501283,"z":0.04623483121395111,"w":0.9383053183555603},"size":3.0250000953674318,"orthographic":false}