{"cameraMode":{"drawMode":0,"name":"Shaded","section":"Shading Mode"},"sceneLighting":false,"audioPlay":false,"sceneViewState":{"showFog":true,"showMaterialUpdate":false,"showSkybox":false,"showFlares":true,"showImageEffects":true,"showParticleSystems":true,"showVisualEffectGraphs":true,"m_FxEnabled":true},"in2DMode":false,"pivot":{"x":-0.0014869123697280884,"y":2.000002145767212,"z":1.5000005960464478},"rotation":{"x":-0.022631868720054628,"y":-0.9675374627113342,"z":0.23370008170604707,"w":-0.09376218169927597},"size":2.5052337646484377,"orthographic":false}